{"cameraMode":{"drawMode":0,"name":"Shaded","section":"Shading Mode"},"sceneLighting":false,"audioPlay":false,"sceneViewState":{"m_AlwaysRefresh":false,"showFog":false,"showSkybox":false,"showFlares":false,"showImageEffects":false,"showParticleSystems":false,"showVisualEffectGraphs":true,"m_FxEnabled":true},"in2DMode":false,"pivot":{"x":-0.7021193504333496,"y":0.31519532203674319,"z":0.5540568828582764},"rotation":{"x":0.07877129316329956,"y":0.8943269848823547,"z":-0.17413978278636933,"w":0.4045427143573761},"size":1.7034571170806885,"orthographic":false}