{"cameraMode":{"drawMode":0,"name":"Shaded","section":"Shading Mode"},"sceneLighting":true,"audioPlay":false,"sceneViewState":{"m_AlwaysRefresh":false,"showFog":true,"showSkybox":true,"showFlares":true,"showImageEffects":true,"showParticleSystems":true,"showVisualEffectGraphs":true,"m_FxEnabled":true},"in2DMode":false,"pivot":{"x":1.1572834253311158,"y":2.0091116428375246,"z":4.2018632888793949},"rotation":{"x":0.0296222772449255,"y":0.952007532119751,"z":-0.09774189442396164,"w":0.28855594992637637},"size":4.988510608673096,"orthographic":false}